date,Price_5,LSTM1_5,LSTM2_5,LSTM2_fs_5,ARIMA_5,Prophet_5
2019-01-01,70.0,77.6531,67.94501,67.2536,69.81981854162412,57.06930247223092
2019-01-02,69.9,77.943375,65.36076,65.84359,69.83039232740724,57.10320488523536
2019-01-03,70.0,79.85171,66.96191999999999,64.416504,69.85645744693686,56.67385652595858
2019-01-04,69.7,78.48309,79.646835,64.963326,69.87031645965052,56.65264778088357
2019-01-05,70.0,76.38995,82.70125999999999,68.73818,69.88557678119238,56.472635426008104
2019-01-06,69.6,75.55879,96.04645500000001,81.43196,69.90102387714168,56.30891656724393
2019-01-08,70.0,74.88917,113.15801,106.952896,69.9158224373159,57.47837507374889
2019-01-09,70.1,75.93578000000001,158.84218,138.9931,69.97366269892761,57.5011890678604
2019-01-10,69.6,76.08294000000001,174.14348,143.95673,69.98659849285512,57.050893495831964
2019-01-11,69.9,75.1027,178.83424,142.00271999999998,70.02172131652213,56.99859749070652
2019-01-12,69.9,75.5626,176.44768,132.26628,70.03218385049017,56.78430561151091
2019-01-13,70.0,75.58254000000001,175.89476000000002,114.11062,70.04835714978616,56.59279240640392
2019-01-15,70.0,75.408066,170.06802,106.29321000000002,70.06410065863666,57.4444707623788
2019-01-16,70.1,73.9232,157.8357,125.839355,70.07874546148221,57.462860314293536
2019-01-17,70.1,73.81278,144.19075,123.63376000000001,70.11060058377595,57.003388924161605
2019-01-18,69.7,74.82475,142.9391,126.33591499999999,70.12902061828773,56.951606288138606
2019-01-19,69.4,75.39804000000001,140.99545,113.20011000000001,70.14829199449251,56.74252244093064
2019-01-20,70.0,75.47105400000001,131.71851999999998,93.07481999999999,70.16275265897488,56.55218114192122
2019-01-22,69.9,75.22057,129.24405,86.232834,70.17817911302701,56.93716542538478
2019-01-23,70.1,75.15089,132.30884,92.20297,70.19333930599309,56.962256269352324
2019-01-24,70.1,75.71809,132.88488999999998,106.86315,70.20829662049084,56.517973966100854
2019-01-25,70.1,76.55165,137.61005,109.38341000000001,70.11832730045758,56.483860801801576
2019-01-26,70.1,74.30629,133.66296,111.97487,70.14281416854394,56.301343798811466
2019-01-27,70.2,74.58304,129.63766,99.48294,70.15614899318233,56.15153377640557
2019-01-29,70.2,75.08521999999999,119.74453999999999,94.72986999999999,70.17192324535576,56.987715813593034
2019-01-30,68.4,76.18629,112.21831499999999,94.76265,70.18729822171233,57.064238162850046
2019-01-31,69.6,74.681885,120.50782,99.78884000000001,70.20219002797914,56.671420443680184
2019-02-01,68.7,72.0703,128.29146,102.987724,70.21725087881786,56.69907927351076
2019-02-02,69.6,73.92048,127.75102,97.32473,68.75693498052821,56.57929852042621
2019-02-03,69.9,73.71001,137.02612,97.3748,68.79292324979225,56.48174195998431
2019-02-04,70.1,72.2695,120.40085,123.75201000000001,68.7550409416076,
2019-02-10,70.0,74.12168,106.94276,137.08409,68.77802589599496,56.81506701574772
2019-02-11,70.0,75.859245,111.26451999999999,128.19461,68.79034915538537,55.44524959776922
2019-02-12,68.9,75.59895999999999,115.992935,116.55158999999999,68.80230538392351,55.944025181778
2019-02-14,69.9,76.02486,125.53913,102.49496500000001,68.81727457365882,55.71304610387188
2019-02-15,69.8,75.61604,134.80742,112.715065,69.76456686699227,55.74407547376586
2019-02-16,70.1,75.67008,130.72179,104.945755,69.77580150990863,55.59436664904868
2019-02-17,70.2,75.6214,138.12491,86.0396,69.84011433272258,55.49215493975812
2019-02-18,70.0,77.50325,136.37958,82.27646999999999,69.84128646852183,54.11947691777746
2019-02-19,69.9,76.07769,136.61621,82.87440500000001,69.85952867656744,57.06041021650877
2019-02-22,69.9,74.07996999999999,126.46446,79.4374,69.87621139013444,56.346081520416384
2019-02-23,70.3,75.21843,118.9474,78.33638,69.89023947794136,56.02366848386816
2019-02-24,70.0,74.54729499999999,107.03372,75.544655,70.26921750473727,55.708197888031606
2019-02-26,70.0,71.7817,98.73849,67.47193,70.3054541475816,55.11030574529422
2019-02-27,70.1,73.57544,91.48461,72.41906,70.33818318770531,54.91555326813725
2019-02-28,70.3,74.056015,94.70253000000001,97.19996,70.3498388454899,54.27971447064714
2019-03-01,70.0,74.96566,100.38685600000001,92.86719000000001,70.36725628763413,54.07864603275353
2019-03-02,70.1,74.33215,98.86419000000001,81.7876,70.38294276626516,53.67591368171636
2019-03-03,69.6,74.9799,105.016396,83.251595,70.39786724952941,53.28203209127938
2019-03-05,70.2,74.233665,107.14385,72.57075,69.65240110257625,54.117913880604384
2019-03-06,69.9,72.85194,105.65321999999999,73.787575,69.64490847278616,53.912818921666
2019-03-07,70.0,72.54042,98.92851999999999,68.20013399999999,69.63435117715241,53.24096458878026
2019-03-08,69.8,73.28808599999999,93.842964,71.34506999999999,69.65276592020568,52.977360211501924
2019-03-09,69.9,73.30471999999999,86.99854,78.87438,69.66473152942035,52.55943562420169
2019-03-10,70.1,72.632774,81.49848,91.36731,69.67848176235266,52.164933057156105
2019-03-12,70.2,71.73479499999999,79.371445,96.17061,69.6934064943133,52.41394405165658
2019-03-13,70.1,70.3608,82.77869,97.07847,70.21970667330591,52.2223217730902
2019-03-14,70.1,71.03546999999999,84.03209,92.76646,70.24863047276871,51.55108553739435
2019-03-15,70.0,70.48208000000001,91.862175,91.98861,70.26731569692673,51.28463022576002
2019-03-16,70.3,70.83639000000001,104.84238,86.276596,70.28288475305082,50.85454756032632
2019-03-17,70.0,72.03772,107.05236000000001,81.753975,70.2988270061955,50.434541315112455
2019-03-19,70.2,72.60417,108.15675,69.30212,70.31400920430494,50.53851891447349
2019-03-20,70.0,73.09145,120.5099,70.751595,70.3291075775855,50.27837271580119
2019-03-21,69.9,71.934235,121.80926000000001,73.26189000000001,70.02700103163785,49.51082422571454
2019-03-22,70.0,70.022766,116.98898999999999,70.17324,70.04151187398503,49.126497381347676
2019-03-23,70.0,71.387566,121.388176,82.14159000000001,70.04482764841636,48.55577524564543
2019-03-24,69.7,70.76547,120.55073,92.17598000000001,70.06159665813114,47.98104480508633
2019-03-26,70.0,71.09155,111.03938000000001,91.47799,70.07579886661557,48.01446452173664
2019-03-27,70.0,72.709625,101.06998,104.05785,70.09023165370905,47.55412466531829
2019-03-28,70.0,72.47893499999999,92.634026,98.82299,70.10528932787732,46.5815912136665
2019-03-29,70.0,71.65129,86.1371,81.18281999999999,70.03195592304621,45.983656764200255
2019-03-30,70.5,70.85000600000001,89.13311999999999,70.95837399999999,70.04366598100276,45.202980224460404
2019-03-31,70.0,70.44918,98.911316,82.67396,70.05885443437724,44.4185949558187
2019-04-02,69.8,71.57909000000001,122.96772,97.37943,70.07459250717348,44.275606122771904
2019-04-03,69.8,73.482414,120.22163400000001,96.46205,70.08928297173395,43.643749531694965
2019-04-04,69.8,73.69148,114.74818400000001,93.04484599999999,70.10430102290164,42.524165881119536
2019-04-07,70.0,74.004364,104.262886,85.36763,70.11927000167613,40.0525261102634
2019-04-09,70.1,72.96059,105.73203999999998,67.91327,69.99483367177376,38.389571014653676
2019-04-10,69.9,71.63245,96.43777,67.00828,70.01930972316896,37.808073411746356
2019-04-11,70.0,71.420204,91.82494,68.5432,70.0428838487841,36.787301096360714
2019-04-12,70.4,70.7368,93.33019,77.6817,70.0562419209402,36.11970657835627
2019-04-13,70.2,71.73518,93.152565,79.69261999999999,70.07226755375281,35.41486505929771
2019-04-14,69.5,71.60275,102.471886,93.053535,70.08751209185974,34.866567469778644
2019-04-16,70.3,71.92254,105.38311000000002,84.67039,70.10237573168033,37.09515275989661
2019-04-17,70.0,70.40709,95.22099,69.80824,70.19166595270079,36.81189694427147
2019-04-18,69.9,71.73877,98.679405,65.90429,70.21393282554354,36.105723102245605
2019-04-19,70.2,71.67865,106.91843999999999,64.36780999999999,70.26728156000681,35.86063929669924
2019-04-20,70.0,71.75398,119.81445,65.601395,70.27178665082081,35.51090890069051
2019-04-21,70.1,71.85692,135.79926,70.6483,70.29002450905637,35.2509284035408
2019-04-23,69.8,69.80167,144.39983999999998,82.05429000000001,70.30644213812667,36.31110171300614
2019-04-24,70.0,70.01913499999999,155.33700000000002,95.91447,70.32088723637361,36.43686793289114
2019-04-25,69.9,69.90528,163.92227,92.87623,69.98692019436076,36.117597925622746
2019-04-26,70.2,68.55738000000001,162.84805,98.260216,69.99514539426711,36.24410269766902
2019-04-27,70.4,69.532715,157.22449,95.04715,70.01998460978675,36.23703124895745
2019-04-28,71.6,69.82271,124.16292,91.701645,70.03201852322911,36.28593676060788
2019-04-30,78.5,70.31966,119.66148999999999,80.16915999999999,70.04729998917095,37.86454015276495
2019-05-01,79.8,72.55993000000001,113.35786999999999,86.84288000000001,70.06261942178168,38.19630662266854
2019-05-02,79.7,73.21537,117.490715,101.86010999999999,70.07735476673935,38.035207245605285
2019-05-03,80.0,76.71925999999999,114.87138,107.12371999999999,80.18138553480621,38.27806456930471
2019-05-04,79.8,77.28658,119.31501000000002,97.102615,80.22302943539087,38.34245454253407
2019-05-05,80.0,77.78927,120.98753,88.71268,80.25485179537444,38.41483348564253
2019-05-07,79.1,78.64319,120.45676999999999,66.51349,80.30069254857514,40.927724493202895
2019-05-08,79.9,78.77209,111.82207,65.242874,80.31968198016021,41.13286443253832
2019-05-09,79.8,80.410095,107.87194,68.57345600000001,80.34139853544696,40.80472879689892
2019-05-10,93.7,82.149284,97.23236,65.42468000000001,80.36242072092645,40.84272772807915
2019-05-11,99.2,86.9296,107.871346,66.06362,92.38072690981188,40.663824905057346
2019-05-12,99.6,89.28647600000001,112.678825,67.32941,93.16724406949658,40.468066886291524
2019-05-14,99.4,90.87898,109.36568999999999,66.512955,93.81862977221054,42.44290189040842
2019-05-15,99.8,93.265396,133.41074,62.072933,93.7432595193205,42.33219554365019
2019-05-17,98.3,96.58024,184.56573,59.644085,93.84984286381395,41.431517912013724
2019-05-18,98.4,97.348946,200.24791000000002,58.27135,93.8977008352602,40.948086030953476
2019-05-19,99.8,99.158485,194.53687,64.78503,93.91977750465726,40.43548903916378
2019-05-21,99.9,97.25026,186.94183,102.40268,99.62194838322344,41.51029941772947
2019-05-22,100.0,96.42294,171.543,124.91315,99.73098878982113,41.15503447445785
2019-05-23,99.9,96.48145,128.56145,125.456985,99.81839127511185,40.10970039132178
2019-05-24,99.7,98.72705,100.34975,123.25589,99.83405735284396,39.76918879421947
2019-05-25,97.9,99.14634000000001,96.27275,120.75067,99.87105510646057,39.085259803785526
2019-05-26,100.0,98.42629000000001,82.650894,60.167305000000006,99.90191879552744,38.424228116085075
2019-05-28,98.7,97.50367,84.72914,63.7613,99.93034284419863,40.54002828899679
2019-05-29,99.8,97.455505,93.94067,59.659588,98.8422081812835,40.09117807427382
2019-05-30,99.7,97.11152,97.65012,62.016228000000005,98.91422095312274,39.11907135732812
2019-05-31,99.2,98.12522,115.53063,64.12116999999999,98.87324013407463,38.556196306728594
2019-06-01,99.4,98.27004000000001,133.88074,63.199090000000005,98.91609165646364,37.8188922226552
2019-06-02,99.9,97.58757,136.77553999999998,63.31221,98.9427020444256,37.128930427179476
2019-06-04,94.2,97.18074,112.59961000000001,63.615044,98.96835186177086,38.922741424411115
2019-06-05,99.9,94.990524,118.050674,62.453453,98.99784448225327,38.53065548483805
2019-06-06,99.8,96.59692,108.693275,58.899868000000005,99.17771263542255,37.613576390815936
2019-06-07,99.8,95.73123000000001,73.47464000000001,57.368504,99.19912415946598,37.11989542067804
2019-06-08,98.9,96.71166,75.317375,60.66008000000001,99.50472758755707,36.46109150061574
2019-06-11,97.2,96.20273,93.247086,70.22618,99.46608914902893,34.65605962858097
2019-06-12,100.0,96.588425,121.2449,141.86883999999998,99.51221154709559,34.34957084797808
2019-06-13,99.7,96.07297,123.76271000000001,138.89702,99.55159089294399,33.51765570815096
2019-06-14,99.3,96.52178,123.36631000000001,87.05898,99.57644922487471,33.09368438059142
2019-06-15,99.6,97.80286,106.68899499999999,81.817276,99.49185822866764,32.503222605856855
2019-06-16,97.5,97.90223,101.0526,76.02975,99.47261042681744,
2019-06-18,89.6,97.38835999999999,91.72005,67.797676,99.49127860955456,34.955017356854626
2019-06-19,90.0,92.38815,86.57111,63.380325,99.52717758028335,34.65395765409051
2019-06-20,89.8,90.32222,83.421165,61.116744999999995,99.55260066477655,33.82967605126546
2019-06-21,89.8,89.461975,87.74085,60.507042000000006,99.58153313946131,33.421448481104605
2019-06-22,89.5,88.90850999999999,97.60903,56.986247999999996,99.61057365306571,32.82625617931433
2019-06-23,89.5,89.82005,133.57285,55.756725,89.54371455996035,32.26453452897344
2019-06-25,89.5,89.88639,113.369064,53.501587,89.55737044825439,32.31604481788498
2019-06-26,89.9,90.02813,105.75981999999999,55.158573,89.56652496345781,32.05282710281325
2019-06-27,90.0,90.13029499999999,99.5557,57.244637,89.59289039700396,31.27239494230999
2019-06-28,90.0,89.13435,88.4947,56.513927,89.61595460325528,30.914632913660608
2019-06-29,89.5,89.027885,75.26593000000001,52.709790000000005,89.63950225410655,30.371905803879628
2019-06-30,89.9,89.05948000000001,65.33241,48.023983,89.66380200368856,29.880266302988748
2019-07-02,90.0,87.8397,66.7524,48.191456,89.86325654185367,31.13918526588758
2019-07-03,90.0,89.843025,68.92432,53.98973,89.88088064153702,30.901704791584287
2019-07-04,90.0,90.60815,62.5459,54.696148,89.92410581569334,30.150496504925126
2019-07-05,89.4,89.38977,64.593575,53.971493,89.9428790195692,29.82155300432782
2019-07-06,88.4,89.73403,65.2545,53.183257999999995,89.9681945437973,29.315052048724716
2019-07-07,85.2,89.99829,63.506668000000005,51.478553999999995,89.99322035747645,28.85905650983731
2019-07-09,85.0,88.49721,62.379658,53.594467,90.0171994529751,30.060132634448447
2019-07-10,85.3,87.00525999999999,61.21846800000001,74.12821,84.84659793140273,29.86160502776504
2019-07-11,84.8,85.06019,58.122184999999995,53.871136,84.70004981198298,29.15071167456529
2019-07-12,85.1,85.08605,58.585228,55.917137,84.71837563703144,28.855857561641088
2019-07-13,85.0,84.57212,53.095859999999995,63.991966000000005,84.72364744759868,28.391627958453913
2019-07-14,84.8,85.24271999999999,50.776344,68.61668,84.7377640099361,27.964413306212503
2019-07-16,84.9,84.27688,48.804035,68.24738,84.75944229575516,28.571119969784185
2019-07-17,85.0,84.744064,57.973198,77.41982,84.78006716310055,28.435434120852328
2019-07-18,85.0,83.68265,64.90698,77.479095,85.00530883574551,27.79748869342202
2019-07-19,85.0,83.89496,67.33883,60.641273,85.03682937111459,27.574097987059808
2019-07-20,85.0,83.0575,74.08926,44.46066,85.06154488979199,27.187862990051865
2019-07-21,85.0,81.94436999999999,75.84985,50.336502,85.08278147982722,26.839756346035514
2019-07-23,84.7,82.29286,66.94358000000001,48.464325,85.10553138946688,28.716239789366842
2019-07-24,85.0,83.79167,63.47544,52.615669999999994,85.12759468481389,28.666910161081496
2019-07-25,85.0,82.787186,66.729866,54.291180000000004,85.149597821548,28.119078699163182
2019-07-26,85.0,83.44028,64.43463,52.58691999999999,85.01839996655829,27.99171451067632
2019-07-27,85.0,84.96419,63.785267000000005,50.70734,85.0554255949712,27.711175944128236
2019-07-28,85.0,86.23232,67.81066,49.20534,85.07457914550409,27.47060913469594
2019-07-30,84.8,83.31638000000001,77.8275,49.232334,85.09734825763776,29.121803102638808
2019-07-31,84.9,83.1165,80.5182,47.736526,85.12001744428444,29.18554600750948
2019-08-01,84.8,82.40519,69.45296,48.492615,85.14185235537687,28.74680620855177
2019-08-02,85.0,83.7063,69.81789,50.252140000000004,85.16396802390824,28.734005541216078
2019-08-03,84.1,85.799965,68.11519,51.466465,85.00348105849473,28.559667939587392
2019-08-04,86.1,84.33296,72.62243000000001,54.093525,85.02836972339134,28.424267079764032
2019-08-06,89.8,84.698715,80.9603,53.148014,85.0592400842002,29.79238744078905
2019-08-07,90.1,85.83891,87.20692,53.198418000000004,85.07947842245822,29.94547663578723
2019-08-08,88.9,86.47341,84.10757,49.90735,85.10222408468694,29.585600683286227
2019-08-09,90.0,87.98816,85.50818000000001,48.788309999999996,85.12458751775,29.643427385348698
2019-08-10,90.0,91.66866999999999,91.99013000000001,49.434740000000005,85.1465048167804,29.523380263735927
2019-08-11,89.9,84.75918,95.19711,47.344353000000005,90.00920377396466,29.423720095421487
2019-08-13,89.9,88.34178,88.34425,44.45816,90.09543287656393,32.40139187800401
2019-08-14,90.0,87.6351,83.65373000000001,41.726112,90.11179724845057,32.51529683912769
2019-08-15,89.9,87.30755,78.74316400000001,41.607384,90.13912302990695,32.101212238422164
2019-08-18,89.9,87.14856,75.79111999999999,44.31759,90.16639759725656,31.649786419235767
2019-08-20,89.8,87.56505,70.82918000000001,41.02964,90.1902138156012,28.96698001117073
2019-08-21,94.8,87.76485,61.69854,44.388040000000004,90.2149851700366,28.986662176242966
2019-08-22,99.1,88.13056999999999,49.54545,45.85102,94.33735603974495,28.505411565513
2019-08-23,99.8,91.15231999999999,53.54609,46.390240000000006,94.62194050624196,28.215316200642647
2019-08-24,99.7,92.342476,51.283970000000004,47.99087,94.8771583791405,27.907689125546568
2019-08-25,99.1,94.29442,47.76405,47.024113,94.86586977518982,27.77690671881394
2019-08-27,99.9,97.600685,52.67736,45.94702,94.92045541731116,33.768566169472216
2019-08-28,99.5,98.335526,59.261,45.7255,94.95537478592765,33.56916820354075
2019-08-29,99.0,99.04517,61.562027,44.047016,94.98034677150528,32.86080686974388
2019-08-30,99.6,98.62284,61.429928000000004,44.165882,99.09946587537802,32.51084503471059
2019-08-31,100.0,98.25978,58.563076,42.920376,99.07717983034736,31.96974118691595
2019-09-01,100.0,96.38821,59.2621,45.741768,99.08593846433331,31.471787375956694
2019-09-03,99.8,99.7413,64.17668,48.7036,99.1179692046662,33.187387180491726
2019-09-04,99.7,99.8746,71.08147,50.053368,99.14281963441505,32.9242968087998
2019-09-05,100.7,100.36372,76.23346,50.081055,99.1709194399682,32.15445049000346
2019-09-06,105.6,100.13318000000001,71.46103000000001,49.41518,99.19963227062237,31.78543401952925
2019-09-07,108.6,100.92549,68.93420400000001,50.687903999999996,105.2178750394167,31.252813729608732
2019-09-08,98.0,105.59223999999999,62.57187,53.028816000000006,105.54305850813259,30.77456429726519
2019-09-10,109.8,100.97184,62.89913000000001,54.010643,105.78749050590046,33.01520841822899
2019-09-11,109.9,103.38113,57.275513000000004,53.352436,105.7902070830245,32.83051361123895
2019-09-12,109.9,103.21328000000001,62.714496999999994,51.557873,105.84909436640592,32.121113170674285
2019-09-13,109.3,104.512054,72.29489000000001,49.368629999999996,105.88841526891062,31.853510167612352
2019-09-14,110.0,106.58308000000001,86.214485,48.42883,105.9191327659557,31.423550444938865
2019-09-18,109.6,109.07656999999999,82.69889,47.666225,109.90628923749972,31.60477426962428
2019-09-19,109.8,109.34591,83.5165,50.158997,109.96244135092728,30.946698940796185
2019-09-20,109.6,111.59567,81.12278,52.589130000000004,110.02524350634762,30.73369040761085
2019-09-21,108.4,111.17435,77.27733,56.25241,110.04914924459769,30.349932474705266
2019-09-22,109.8,110.29763999999999,77.10863499999999,57.520576,110.0874248157837,
2019-09-24,109.7,113.43903999999999,74.76595999999999,58.008602,110.12168973946396,31.36474463594609
2019-09-25,109.3,109.851456,69.730774,58.26964,110.15506130303379,31.507395150794054
2019-09-26,109.2,107.85367600000001,70.13065,58.732655,109.43067692317791,30.89126269777109
2019-09-27,109.5,107.863945,67.34461999999999,56.832806000000005,109.43257263350452,30.69779054954152
2019-09-28,108.1,109.319725,68.82165,56.170628,109.45228466628832,30.30579759374185
2019-09-29,109.4,111.24663999999999,75.72079000000001,56.9753,109.49038016633786,29.90440845094131
2019-10-01,109.7,108.17795,79.01061,56.656307,109.5214984169635,33.94304992495339
2019-10-02,110.0,109.0865,84.39152,56.9449,109.55478106718692,33.746354646954835
2019-10-03,109.5,108.682915,84.10212,55.633926,109.588466944146,33.03397855891229
2019-10-04,109.6,107.47125,80.792046,55.164486,109.60458640803436,32.743605067079024
2019-10-05,109.8,105.61458,79.501625,53.28183000000001,109.62701457855377,32.23608446201217
2019-10-06,109.3,106.52785,81.65669,52.812984,109.63551704296421,31.73066866840693
2019-10-08,109.6,106.50958999999999,80.71115,49.92586,109.67477041036835,33.30670294838389
2019-10-09,110.0,106.86502,82.08292,48.776790000000005,109.70639609827734,33.07690286851209
2019-10-10,110.0,108.30028999999999,72.03,50.262287,109.73905570016295,32.34918752086034
2019-10-11,110.1,108.81608999999999,76.08539,51.855709999999995,109.77300134301744,32.038228600773195
2019-10-12,110.1,108.88741999999999,74.15743,55.253209999999996,110.14555473686264,31.52906052759225
2019-10-13,109.8,110.44129,71.20855999999999,59.640137,110.17923265143922,31.05185316689311
2019-10-15,109.4,111.66403000000001,71.70288000000001,60.04326,110.21699017490995,33.627954136714195
2019-10-16,110.0,112.84113,70.71942,58.10111,110.25114233958813,33.467903205089264
2019-10-18,109.3,111.25726999999999,67.36869,56.533012,110.28515933776455,32.5509196941653
2019-10-19,109.8,110.71927,70.84827,56.237473,110.31925890955222,32.11861857458117
2019-10-20,110.0,110.89991,66.46569000000001,58.26316,110.35316123210329,31.741221099833172
2019-10-22,110.0,111.13283,63.947586,60.865776000000004,109.99867938536978,31.00588700973975
2019-10-23,110.1,111.36316000000001,63.994125,61.476974,110.06638142373647,30.94649429623249
2019-10-24,110.0,111.01709,66.89211999999999,62.465393000000006,110.10452711188208,30.137389489424056
2019-10-25,110.0,113.30673,62.66121,61.86139,110.13745890979489,30.179776280706026
2019-10-26,109.9,112.85213999999999,63.840137,60.29411999999999,110.17331986176693,29.828444610605807
2019-10-27,110.0,111.5884,69.55487,58.53651,110.20717668342115,29.50811152141136
2019-10-29,109.6,111.9312,77.96404,58.298480000000005,110.24105284315415,33.72323179060013
2019-10-30,110.0,110.11943000000001,84.322845,58.805946,109.66765300870323,33.60070829243334
2019-10-31,108.4,110.89493999999999,82.70965,59.229404,109.6845841564783,32.917673132538425
2019-11-01,110.0,109.19710500000001,74.46262,59.24468,109.69916332974638,32.636091298503224
2019-11-02,110.0,108.39373,71.52331,59.153038,109.73555561339356,32.168121819394216
2019-11-03,109.8,108.51588400000001,68.23291,58.314494999999994,109.76737721648122,31.70858075616404
2019-11-05,110.1,106.72399999999999,66.64979,58.40348,109.80034142206706,33.07637742407337
2019-11-06,109.9,108.2055,64.69299000000001,58.60406,109.83412609784378,32.83898995601744
2019-11-07,109.7,106.84496999999999,67.70734399999999,58.91064,109.95504440754515,32.0388886521177
2019-11-08,109.2,109.331635,64.65075,61.12211,109.99041873232932,31.651729494852834
2019-11-09,109.9,110.572296,65.88221999999999,60.971244999999996,110.01287578769316,31.069363502769274
2019-11-10,109.3,111.60470600000001,66.16598499999999,60.73392,110.04889436436218,30.489146917162408
2019-11-12,109.4,109.98953,68.2382,60.222916000000005,110.0820678361224,32.39382489647853
2019-11-13,109.9,109.80658000000001,72.96287,59.322777,110.11543025794316,32.05775030100175
2019-11-15,109.9,110.09583,66.61435999999999,59.047024,110.14935360518379,30.72624863874773
2019-11-16,109.8,108.74633999999999,65.69556,58.969809999999995,109.9594653726988,30.089896426411734
2019-11-17,109.8,108.53168500000001,66.714836,58.132816000000005,110.01259567407787,29.47343607168109
2019-11-19,109.7,110.21673999999999,70.88925,57.53038000000001,110.04407592079056,28.196976319847327
2019-11-20,109.7,110.48416,70.28636999999999,59.376456999999995,110.08017130438525,27.90413298670143
2019-11-21,109.3,110.52131000000001,68.73615,59.542790000000004,110.11464145149435,26.861101743356336
2019-11-22,108.4,112.30394,67.75061,60.506269999999994,110.14838000294806,26.698326632288648
2019-11-23,109.3,112.68368500000001,72.8697,60.412636,110.18234459492386,26.143830677517577
2019-11-24,109.9,112.16447,70.715965,58.035828,109.19823456539314,25.63713366718517
2019-11-26,109.9,110.59414,70.072845,57.347632999999995,109.230577088402,30.270556447743267
2019-11-27,109.8,110.754776,70.091125,57.076397,109.30263446911772,30.02508945461349
2019-11-28,110.0,110.2245,66.17896,56.290775,109.3258103419473,29.25072434542316
2019-11-29,110.1,110.48048999999999,65.11681999999999,58.443974,109.36164986049458,28.900576688191233
2019-11-30,109.7,110.903595,64.38216,59.387809999999995,109.39645359366585,28.393880794777587
2019-12-01,109.8,110.5575,66.438225,60.376906999999996,109.4293758685166,27.92104287379121
2019-12-03,110.1,109.78188999999999,66.73611,61.486644999999996,109.81417190068487,29.598692739841184
2019-12-04,110.1,108.86001999999999,70.48691,62.614259999999994,109.83007133097418,29.40867843667925
2019-12-05,110.1,107.09418000000001,68.74509,62.752953000000005,109.86799824859716,28.683453301636142
2019-12-06,109.4,108.00441000000001,69.16353000000001,63.248955,109.8996603812057,28.377655359221386
2019-12-07,109.0,106.90533400000001,67.82757,63.997166,109.9328324349968,27.89835238401627
2019-12-08,110.0,103.48728,69.16572,66.63315,109.96675040033091,27.434224192209445
2019-12-10,110.1,105.28487,68.476814,66.48074,110.00034174126591,29.38753001190884
2019-12-11,115.2,105.83379,69.62281999999999,65.71846,110.14516962189337,29.200081486446948
2019-12-12,115.1,107.72112,67.2283,67.50191,110.22747266559924,28.46418977372754
2019-12-13,113.9,110.96658000000001,65.76326,67.85436,110.26077877601558,28.141577798928232
2019-12-14,115.3,110.99513,64.27592,66.459816,110.29720875627008,27.64263731733514
2019-12-15,115.0,112.110504,64.71431,63.07405,110.33323041579722,27.171318554468012
2019-12-17,114.9,112.62506,64.35144,62.748726,110.3670393375343,29.89707886321459
2019-12-18,115.4,111.64748999999999,64.27894599999999,61.676809999999996,110.401178245239,29.688566715861025
2019-12-19,115.1,111.9253,65.55276500000001,62.892784,115.37395237397062,28.92159409979949
2019-12-20,114.5,111.69163999999999,70.732315,63.233803,115.424618770374,28.57279361668905
2019-12-21,115.8,113.15378999999999,72.224236,63.590559999999996,115.48212220950869,28.04787343938325
2019-12-22,119.9,113.35033999999999,71.08385,63.222305000000006,115.513888135898,27.55014620385029
2019-12-24,120.3,114.865746,69.96416500000001,61.956430000000005,115.55216360440912,29.72864769393129
2019-12-25,120.1,117.36573,68.39879,61.666343999999995,115.58934561696823,29.514192512416248
2019-12-26,119.7,117.55668,67.88274399999999,61.636967000000006,115.62548711710186,28.756260133688045
2019-12-27,118.9,118.14781,66.123375,61.36776700000001,119.789050152171,28.428464938347282
2019-12-28,121.0,118.31841000000001,66.10274,61.792625,119.78906997693475,27.93192485423303
2019-12-29,125.0,118.677704,67.64024,61.186264,119.8054692487644,27.483269358715805
